serie;recepteur;x;teb;teb_th;nb_bits;commande
dt=10 filtre;filtre;0.025;0.0;0.0;20000;./simulateur -form NRZ -nbEch 30 -ampl 0 1 -ti 10 0.025
dt=10 filtre;filtre;0.075;0.0;0.0;20000;./simulateur -form NRZ -nbEch 30 -ampl 0 1 -ti 10 0.075
dt=10 filtre;filtre;0.125;0.0;0.0;20000;./simulateur -form NRZ -nbEch 30 -ampl 0 1 -ti 10 0.125
dt=10 filtre;filtre;0.175;0.0;0.0;20000;./simulateur -form NRZ -nbEch 30 -ampl 0 1 -ti 10 0.175
dt=10 filtre;filtre;0.225;0.0;0.0;20000;./simulateur -form NRZ -nbEch 30 -ampl 0 1 -ti 10 0.225
dt=10 filtre;filtre;0.275;0.0;0.0;20000;./simulateur -form NRZ -nbEch 30 -ampl 0 1 -ti 10 0.275
dt=10 filtre;filtre;0.325;0.0;0.0;20000;./simulateur -form NRZ -nbEch 30 -ampl 0 1 -ti 10 0.325
dt=10 filtre;filtre;0.375;0.0;0.0;20000;./simulateur -form NRZ -nbEch 30 -ampl 0 1 -ti 10 0.375
dt=10 filtre;filtre;0.425;0.0;0.0;20000;./simulateur -form NRZ -nbEch 30 -ampl 0 1 -ti 10 0.425
dt=10 filtre;filtre;0.475;0.0;0.0;20000;./simulateur -form NRZ -nbEch 30 -ampl 0 1 -ti 10 0.475
dt=10 filtre;filtre;0.525;0.0;0.0;20000;./simulateur -form NRZ -nbEch 30 -ampl 0 1 -ti 10 0.525
dt=10 filtre;filtre;0.575;0.0;0.0;20000;./simulateur -form NRZ -nbEch 30 -ampl 0 1 -ti 10 0.575
dt=10 filtre;filtre;0.625;0.0;0.0;20000;./simulateur -form NRZ -nbEch 30 -ampl 0 1 -ti 10 0.625
dt=10 filtre;filtre;0.675;0.0;0.0;20000;./simulateur -form NRZ -nbEch 30 -ampl 0 1 -ti 10 0.675
dt=10 filtre;filtre;0.725;0.0;0.0;20000;./simulateur -form NRZ -nbEch 30 -ampl 0 1 -ti 10 0.725
dt=10 filtre;filtre;0.775;0.0;0.0;20000;./simulateur -form NRZ -nbEch 30 -ampl 0 1 -ti 10 0.775
dt=10 filtre;filtre;0.825;0.0;0.0;20000;./simulateur -form NRZ -nbEch 30 -ampl 0 1 -ti 10 0.825
dt=10 filtre;filtre;0.875;0.0;0.0;20000;./simulateur -form NRZ -nbEch 30 -ampl 0 1 -ti 10 0.875
dt=10 filtre;filtre;0.925;0.0;0.0;20000;./simulateur -form NRZ -nbEch 30 -ampl 0 1 -ti 10 0.925
dt=10 filtre;filtre;0.975;0.0;0.0;20000;./simulateur -form NRZ -nbEch 30 -ampl 0 1 -ti 10 0.975
dt=10 filtre;filtre;1.025;0.0;0.0;20000;./simulateur -form NRZ -nbEch 30 -ampl 0 1 -ti 10 1.025
dt=10 filtre;filtre;1.075;0.0;0.0;20000;./simulateur -form NRZ -nbEch 30 -ampl 0 1 -ti 10 1.075
dt=10 filtre;filtre;1.125;0.0;0.0;20000;./simulateur -form NRZ -nbEch 30 -ampl 0 1 -ti 10 1.125
dt=10 filtre;filtre;1.175;0.0;0.0;20000;./simulateur -form NRZ -nbEch 30 -ampl 0 1 -ti 10 1.175
dt=10 etape3;etape3;0.025;0.0;0.0;20000;./simulateur -form NRZ -nbEch 30 -ampl 0 1 -ti 10 0.025
dt=10 etape3;etape3;0.075;0.0;0.0;20000;./simulateur -form NRZ -nbEch 30 -ampl 0 1 -ti 10 0.075
dt=10 etape3;etape3;0.125;0.0;0.0;20000;./simulateur -form NRZ -nbEch 30 -ampl 0 1 -ti 10 0.125
dt=10 etape3;etape3;0.175;0.0;0.0;20000;./simulateur -form NRZ -nbEch 30 -ampl 0 1 -ti 10 0.175
dt=10 etape3;etape3;0.225;0.0;0.0;20000;./simulateur -form NRZ -nbEch 30 -ampl 0 1 -ti 10 0.225
dt=10 etape3;etape3;0.275;0.0;0.0;20000;./simulateur -form NRZ -nbEch 30 -ampl 0 1 -ti 10 0.275
dt=10 etape3;etape3;0.325;0.0;0.0;20000;./simulateur -form NRZ -nbEch 30 -ampl 0 1 -ti 10 0.325
dt=10 etape3;etape3;0.375;0.0;0.0;20000;./simulateur -form NRZ -nbEch 30 -ampl 0 1 -ti 10 0.375
dt=10 etape3;etape3;0.425;0.0;0.0;20000;./simulateur -form NRZ -nbEch 30 -ampl 0 1 -ti 10 0.425
dt=10 etape3;etape3;0.475;0.0;0.0;20000;./simulateur -form NRZ -nbEch 30 -ampl 0 1 -ti 10 0.475
dt=10 etape3;etape3;0.525;0.0;0.0;20000;./simulateur -form NRZ -nbEch 30 -ampl 0 1 -ti 10 0.525
dt=10 etape3;etape3;0.575;0.0;0.0;20000;./simulateur -form NRZ -nbEch 30 -ampl 0 1 -ti 10 0.575
dt=10 etape3;etape3;0.625;0.0;0.0;20000;./simulateur -form NRZ -nbEch 30 -ampl 0 1 -ti 10 0.625
dt=10 etape3;etape3;0.675;0.0;0.0;20000;./simulateur -form NRZ -nbEch 30 -ampl 0 1 -ti 10 0.675
dt=10 etape3;etape3;0.725;0.0;0.0;20000;./simulateur -form NRZ -nbEch 30 -ampl 0 1 -ti 10 0.725
dt=10 etape3;etape3;0.775;0.0;0.0;20000;./simulateur -form NRZ -nbEch 30 -ampl 0 1 -ti 10 0.775
dt=10 etape3;etape3;0.825;0.0;0.0;20000;./simulateur -form NRZ -nbEch 30 -ampl 0 1 -ti 10 0.825
dt=10 etape3;etape3;0.875;0.0;0.0;20000;./simulateur -form NRZ -nbEch 30 -ampl 0 1 -ti 10 0.875
dt=10 etape3;etape3;0.925;0.0;0.0;20000;./simulateur -form NRZ -nbEch 30 -ampl 0 1 -ti 10 0.925
dt=10 etape3;etape3;0.975;0.0;0.0;20000;./simulateur -form NRZ -nbEch 30 -ampl 0 1 -ti 10 0.975
dt=10 etape3;etape3;1.025;0.0;0.0;20000;./simulateur -form NRZ -nbEch 30 -ampl 0 1 -ti 10 1.025
dt=10 etape3;etape3;1.075;0.0;0.0;20000;./simulateur -form NRZ -nbEch 30 -ampl 0 1 -ti 10 1.075
dt=10 etape3;etape3;1.125;0.0;0.0;20000;./simulateur -form NRZ -nbEch 30 -ampl 0 1 -ti 10 1.125
dt=10 etape3;etape3;1.175;0.0;0.0;20000;./simulateur -form NRZ -nbEch 30 -ampl 0 1 -ti 10 1.175
dt=20 filtre;filtre;0.025;0.0;0.0;20000;./simulateur -form NRZ -nbEch 30 -ampl 0 1 -ti 20 0.025
dt=20 filtre;filtre;0.075;0.0;0.0;20000;./simulateur -form NRZ -nbEch 30 -ampl 0 1 -ti 20 0.075
dt=20 filtre;filtre;0.125;0.0;0.0;20000;./simulateur -form NRZ -nbEch 30 -ampl 0 1 -ti 20 0.125
dt=20 filtre;filtre;0.175;0.0;0.0;20000;./simulateur -form NRZ -nbEch 30 -ampl 0 1 -ti 20 0.175
dt=20 filtre;filtre;0.225;0.0;0.0;20000;./simulateur -form NRZ -nbEch 30 -ampl 0 1 -ti 20 0.225
dt=20 filtre;filtre;0.275;0.0;0.0;20000;./simulateur -form NRZ -nbEch 30 -ampl 0 1 -ti 20 0.275
dt=20 filtre;filtre;0.325;0.0;0.0;20000;./simulateur -form NRZ -nbEch 30 -ampl 0 1 -ti 20 0.325
dt=20 filtre;filtre;0.375;0.0;0.0;20000;./simulateur -form NRZ -nbEch 30 -ampl 0 1 -ti 20 0.375
dt=20 filtre;filtre;0.425;0.0;0.0;20000;./simulateur -form NRZ -nbEch 30 -ampl 0 1 -ti 20 0.425
dt=20 filtre;filtre;0.475;0.0;0.0;20000;./simulateur -form NRZ -nbEch 30 -ampl 0 1 -ti 20 0.475
dt=20 filtre;filtre;0.525;0.0;0.0;20000;./simulateur -form NRZ -nbEch 30 -ampl 0 1 -ti 20 0.525
dt=20 filtre;filtre;0.575;0.0;0.0;20000;./simulateur -form NRZ -nbEch 30 -ampl 0 1 -ti 20 0.575
dt=20 filtre;filtre;0.625;0.0;0.0;20000;./simulateur -form NRZ -nbEch 30 -ampl 0 1 -ti 20 0.625
dt=20 filtre;filtre;0.675;0.0;0.0;20000;./simulateur -form NRZ -nbEch 30 -ampl 0 1 -ti 20 0.675
dt=20 filtre;filtre;0.725;0.0;0.0;20000;./simulateur -form NRZ -nbEch 30 -ampl 0 1 -ti 20 0.725
dt=20 filtre;filtre;0.775;0.24835;0.25;20000;./simulateur -form NRZ -nbEch 30 -ampl 0 1 -ti 20 0.775
dt=20 filtre;filtre;0.825;0.24835;0.25;20000;./simulateur -form NRZ -nbEch 30 -ampl 0 1 -ti 20 0.825
dt=20 filtre;filtre;0.875;0.24835;0.25;20000;./simulateur -form NRZ -nbEch 30 -ampl 0 1 -ti 20 0.875
dt=20 filtre;filtre;0.925;0.24835;0.25;20000;./simulateur -form NRZ -nbEch 30 -ampl 0 1 -ti 20 0.925
dt=20 filtre;filtre;0.975;0.24835;0.25;20000;./simulateur -form NRZ -nbEch 30 -ampl 0 1 -ti 20 0.975
dt=20 filtre;filtre;1.025;0.24835;0.25;20000;./simulateur -form NRZ -nbEch 30 -ampl 0 1 -ti 20 1.025
dt=20 filtre;filtre;1.075;0.24835;0.25;20000;./simulateur -form NRZ -nbEch 30 -ampl 0 1 -ti 20 1.075
dt=20 filtre;filtre;1.125;0.24835;0.25;20000;./simulateur -form NRZ -nbEch 30 -ampl 0 1 -ti 20 1.125
dt=20 filtre;filtre;1.175;0.24835;0.25;20000;./simulateur -form NRZ -nbEch 30 -ampl 0 1 -ti 20 1.175
dt=20 etape3;etape3;0.025;0.0;0.0;20000;./simulateur -form NRZ -nbEch 30 -ampl 0 1 -ti 20 0.025
dt=20 etape3;etape3;0.075;0.0;0.0;20000;./simulateur -form NRZ -nbEch 30 -ampl 0 1 -ti 20 0.075
dt=20 etape3;etape3;0.125;0.0;0.0;20000;./simulateur -form NRZ -nbEch 30 -ampl 0 1 -ti 20 0.125
dt=20 etape3;etape3;0.175;0.0;0.0;20000;./simulateur -form NRZ -nbEch 30 -ampl 0 1 -ti 20 0.175
dt=20 etape3;etape3;0.225;0.0;0.0;20000;./simulateur -form NRZ -nbEch 30 -ampl 0 1 -ti 20 0.225
dt=20 etape3;etape3;0.275;0.0;0.0;20000;./simulateur -form NRZ -nbEch 30 -ampl 0 1 -ti 20 0.275
dt=20 etape3;etape3;0.325;0.0;0.0;20000;./simulateur -form NRZ -nbEch 30 -ampl 0 1 -ti 20 0.325
dt=20 etape3;etape3;0.375;0.0;0.0;20000;./simulateur -form NRZ -nbEch 30 -ampl 0 1 -ti 20 0.375
dt=20 etape3;etape3;0.425;0.0;0.0;20000;./simulateur -form NRZ -nbEch 30 -ampl 0 1 -ti 20 0.425
dt=20 etape3;etape3;0.475;0.0;0.0;20000;./simulateur -form NRZ -nbEch 30 -ampl 0 1 -ti 20 0.475
dt=20 etape3;etape3;0.525;0.24835;0.25;20000;./simulateur -form NRZ -nbEch 30 -ampl 0 1 -ti 20 0.525
dt=20 etape3;etape3;0.575;0.24835;0.25;20000;./simulateur -form NRZ -nbEch 30 -ampl 0 1 -ti 20 0.575
dt=20 etape3;etape3;0.625;0.24835;0.25;20000;./simulateur -form NRZ -nbEch 30 -ampl 0 1 -ti 20 0.625
dt=20 etape3;etape3;0.675;0.24835;0.25;20000;./simulateur -form NRZ -nbEch 30 -ampl 0 1 -ti 20 0.675
dt=20 etape3;etape3;0.725;0.24835;0.25;20000;./simulateur -form NRZ -nbEch 30 -ampl 0 1 -ti 20 0.725
dt=20 etape3;etape3;0.775;0.24835;0.25;20000;./simulateur -form NRZ -nbEch 30 -ampl 0 1 -ti 20 0.775
dt=20 etape3;etape3;0.825;0.24835;0.25;20000;./simulateur -form NRZ -nbEch 30 -ampl 0 1 -ti 20 0.825
dt=20 etape3;etape3;0.875;0.24835;0.25;20000;./simulateur -form NRZ -nbEch 30 -ampl 0 1 -ti 20 0.875
dt=20 etape3;etape3;0.925;0.24835;0.25;20000;./simulateur -form NRZ -nbEch 30 -ampl 0 1 -ti 20 0.925
dt=20 etape3;etape3;0.975;0.24835;0.25;20000;./simulateur -form NRZ -nbEch 30 -ampl 0 1 -ti 20 0.975
dt=20 etape3;etape3;1.025;0.24835;0.25;20000;./simulateur -form NRZ -nbEch 30 -ampl 0 1 -ti 20 1.025
dt=20 etape3;etape3;1.075;0.24835;0.25;20000;./simulateur -form NRZ -nbEch 30 -ampl 0 1 -ti 20 1.075
dt=20 etape3;etape3;1.125;0.24835;0.25;20000;./simulateur -form NRZ -nbEch 30 -ampl 0 1 -ti 20 1.125
dt=20 etape3;etape3;1.175;0.24835;0.25;20000;./simulateur -form NRZ -nbEch 30 -ampl 0 1 -ti 20 1.175
dt=30 filtre;filtre;0.025;0.0;0.0;20000;./simulateur -form NRZ -nbEch 30 -ampl 0 1 -ti 30 0.025
dt=30 filtre;filtre;0.075;0.0;0.0;20000;./simulateur -form NRZ -nbEch 30 -ampl 0 1 -ti 30 0.075
dt=30 filtre;filtre;0.125;0.0;0.0;20000;./simulateur -form NRZ -nbEch 30 -ampl 0 1 -ti 30 0.125
dt=30 filtre;filtre;0.175;0.0;0.0;20000;./simulateur -form NRZ -nbEch 30 -ampl 0 1 -ti 30 0.175
dt=30 filtre;filtre;0.225;0.0;0.0;20000;./simulateur -form NRZ -nbEch 30 -ampl 0 1 -ti 30 0.225
dt=30 filtre;filtre;0.275;0.0;0.0;20000;./simulateur -form NRZ -nbEch 30 -ampl 0 1 -ti 30 0.275
dt=30 filtre;filtre;0.325;0.0;0.0;20000;./simulateur -form NRZ -nbEch 30 -ampl 0 1 -ti 30 0.325
dt=30 filtre;filtre;0.375;0.0;0.0;20000;./simulateur -form NRZ -nbEch 30 -ampl 0 1 -ti 30 0.375
dt=30 filtre;filtre;0.425;0.0;0.0;20000;./simulateur -form NRZ -nbEch 30 -ampl 0 1 -ti 30 0.425
dt=30 filtre;filtre;0.475;0.0;0.0;20000;./simulateur -form NRZ -nbEch 30 -ampl 0 1 -ti 30 0.475
dt=30 filtre;filtre;0.525;0.24835;0.25;20000;./simulateur -form NRZ -nbEch 30 -ampl 0 1 -ti 30 0.525
dt=30 filtre;filtre;0.575;0.24835;0.25;20000;./simulateur -form NRZ -nbEch 30 -ampl 0 1 -ti 30 0.575
dt=30 filtre;filtre;0.625;0.24835;0.25;20000;./simulateur -form NRZ -nbEch 30 -ampl 0 1 -ti 30 0.625
dt=30 filtre;filtre;0.675;0.24835;0.25;20000;./simulateur -form NRZ -nbEch 30 -ampl 0 1 -ti 30 0.675
dt=30 filtre;filtre;0.725;0.24835;0.25;20000;./simulateur -form NRZ -nbEch 30 -ampl 0 1 -ti 30 0.725
dt=30 filtre;filtre;0.775;0.24835;0.25;20000;./simulateur -form NRZ -nbEch 30 -ampl 0 1 -ti 30 0.775
dt=30 filtre;filtre;0.825;0.24835;0.25;20000;./simulateur -form NRZ -nbEch 30 -ampl 0 1 -ti 30 0.825
dt=30 filtre;filtre;0.875;0.24835;0.25;20000;./simulateur -form NRZ -nbEch 30 -ampl 0 1 -ti 30 0.875
dt=30 filtre;filtre;0.925;0.24835;0.25;20000;./simulateur -form NRZ -nbEch 30 -ampl 0 1 -ti 30 0.925
dt=30 filtre;filtre;0.975;0.24835;0.25;20000;./simulateur -form NRZ -nbEch 30 -ampl 0 1 -ti 30 0.975
dt=30 filtre;filtre;1.025;0.24835;0.25;20000;./simulateur -form NRZ -nbEch 30 -ampl 0 1 -ti 30 1.025
dt=30 filtre;filtre;1.075;0.24835;0.25;20000;./simulateur -form NRZ -nbEch 30 -ampl 0 1 -ti 30 1.075
dt=30 filtre;filtre;1.125;0.24835;0.25;20000;./simulateur -form NRZ -nbEch 30 -ampl 0 1 -ti 30 1.125
dt=30 filtre;filtre;1.175;0.24835;0.25;20000;./simulateur -form NRZ -nbEch 30 -ampl 0 1 -ti 30 1.175
dt=30 etape3;etape3;0.025;0.0;0.0;20000;./simulateur -form NRZ -nbEch 30 -ampl 0 1 -ti 30 0.025
dt=30 etape3;etape3;0.075;0.0;0.0;20000;./simulateur -form NRZ -nbEch 30 -ampl 0 1 -ti 30 0.075
dt=30 etape3;etape3;0.125;0.0;0.0;20000;./simulateur -form NRZ -nbEch 30 -ampl 0 1 -ti 30 0.125
dt=30 etape3;etape3;0.175;0.0;0.0;20000;./simulateur -form NRZ -nbEch 30 -ampl 0 1 -ti 30 0.175
dt=30 etape3;etape3;0.225;0.0;0.0;20000;./simulateur -form NRZ -nbEch 30 -ampl 0 1 -ti 30 0.225
dt=30 etape3;etape3;0.275;0.0;0.0;20000;./simulateur -form NRZ -nbEch 30 -ampl 0 1 -ti 30 0.275
dt=30 etape3;etape3;0.325;0.0;0.0;20000;./simulateur -form NRZ -nbEch 30 -ampl 0 1 -ti 30 0.325
dt=30 etape3;etape3;0.375;0.0;0.0;20000;./simulateur -form NRZ -nbEch 30 -ampl 0 1 -ti 30 0.375
dt=30 etape3;etape3;0.425;0.0;0.0;20000;./simulateur -form NRZ -nbEch 30 -ampl 0 1 -ti 30 0.425
dt=30 etape3;etape3;0.475;0.0;0.0;20000;./simulateur -form NRZ -nbEch 30 -ampl 0 1 -ti 30 0.475
dt=30 etape3;etape3;0.525;0.24835;0.25;20000;./simulateur -form NRZ -nbEch 30 -ampl 0 1 -ti 30 0.525
dt=30 etape3;etape3;0.575;0.24835;0.25;20000;./simulateur -form NRZ -nbEch 30 -ampl 0 1 -ti 30 0.575
dt=30 etape3;etape3;0.625;0.24835;0.25;20000;./simulateur -form NRZ -nbEch 30 -ampl 0 1 -ti 30 0.625
dt=30 etape3;etape3;0.675;0.24835;0.25;20000;./simulateur -form NRZ -nbEch 30 -ampl 0 1 -ti 30 0.675
dt=30 etape3;etape3;0.725;0.24835;0.25;20000;./simulateur -form NRZ -nbEch 30 -ampl 0 1 -ti 30 0.725
dt=30 etape3;etape3;0.775;0.24835;0.25;20000;./simulateur -form NRZ -nbEch 30 -ampl 0 1 -ti 30 0.775
dt=30 etape3;etape3;0.825;0.24835;0.25;20000;./simulateur -form NRZ -nbEch 30 -ampl 0 1 -ti 30 0.825
dt=30 etape3;etape3;0.875;0.24835;0.25;20000;./simulateur -form NRZ -nbEch 30 -ampl 0 1 -ti 30 0.875
dt=30 etape3;etape3;0.925;0.24835;0.25;20000;./simulateur -form NRZ -nbEch 30 -ampl 0 1 -ti 30 0.925
dt=30 etape3;etape3;0.975;0.24835;0.25;20000;./simulateur -form NRZ -nbEch 30 -ampl 0 1 -ti 30 0.975
dt=30 etape3;etape3;1.025;0.24835;0.25;20000;./simulateur -form NRZ -nbEch 30 -ampl 0 1 -ti 30 1.025
dt=30 etape3;etape3;1.075;0.24835;0.25;20000;./simulateur -form NRZ -nbEch 30 -ampl 0 1 -ti 30 1.075
dt=30 etape3;etape3;1.125;0.24835;0.25;20000;./simulateur -form NRZ -nbEch 30 -ampl 0 1 -ti 30 1.125
dt=30 etape3;etape3;1.175;0.24835;0.25;20000;./simulateur -form NRZ -nbEch 30 -ampl 0 1 -ti 30 1.175
